Title,Price in Rupees,Date
"Good Hope PlexiGlass Food Panda Funny Framed Poster, Multicolor, Print,10 Inch X 13 Inch, Framed",369,07-03-2023
"Good Hope PlexiGlass Food Panda Funny Framed Poster, Multicolor, Print,10 Inch X 13 Inch, Framed",369,07-03-2023
"Good Hope PlexiGlass Food Panda Funny Framed Poster, Multicolor, Print,10 Inch X 13 Inch, Framed",369,07-03-2023
"Good Hope PlexiGlass Food Panda Funny Framed Poster, Multicolor, Print,10 Inch X 13 Inch, Framed",369,07-03-2023
"Good Hope PlexiGlass Food Panda Funny Framed Poster, Multicolor, Print,10 Inch X 13 Inch, Framed",369,07-03-2023
"Good Hope PlexiGlass Food Panda Funny Framed Poster, Multicolor, Print,10 Inch X 13 Inch, Framed",369,07-03-2023
"Good Hope PlexiGlass Food Panda Funny Framed Poster, Multicolor, Print,10 Inch X 13 Inch, Framed",369,07-03-2023
"Good Hope PlexiGlass Food Panda Funny Framed Poster, Multicolor, Print,10 Inch X 13 Inch, Framed",369,07-03-2023
"Good Hope PlexiGlass Food Panda Funny Framed Poster, Multicolor, Print,10 Inch X 13 Inch, Framed",369,07-03-2023
"Good Hope PlexiGlass Food Panda Funny Framed Poster, Multicolor, Print,10 Inch X 13 Inch, Framed",369,07-03-2023
"Good Hope PlexiGlass Food Panda Funny Framed Poster, Multicolor, Print,10 Inch X 13 Inch, Framed",369,07-03-2023
"Good Hope PlexiGlass Food Panda Funny Framed Poster, Multicolor, Print,10 Inch X 13 Inch, Framed",369,07-03-2023
"Good Hope PlexiGlass Food Panda Funny Framed Poster, Multicolor, Print,10 Inch X 13 Inch, Framed",369,07-03-2023
"Good Hope PlexiGlass Food Panda Funny Framed Poster, Multicolor, Print,10 Inch X 13 Inch, Framed",369,07-03-2023
"Good Hope PlexiGlass Food Panda Funny Framed Poster, Multicolor, Print,10 Inch X 13 Inch, Framed",369,07-03-2023
"Good Hope PlexiGlass Food Panda Funny Framed Poster, Multicolor, Print,10 Inch X 13 Inch, Framed",369,07-03-2023
"Good Hope PlexiGlass Food Panda Funny Framed Poster, Multicolor, Print,10 Inch X 13 Inch, Framed",369,07-03-2023
"Good Hope PlexiGlass Food Panda Funny Framed Poster, Multicolor, Print,10 Inch X 13 Inch, Framed",369,07-03-2023
"Good Hope PlexiGlass Food Panda Funny Framed Poster, Multicolor, Print,10 Inch X 13 Inch, Framed",369,07-03-2023
